family,kernel,variant_index,variant_label,shape_summary_json,baseline_status,pto_status,baseline_correct,pto_correct,baseline_median_ms,pto_median_ms,baseline_over_pto_pct,baseline_limitations_json,baseline_reason,pto_reason,report_path,spec
gmm,grouped_matmul,1,,"{""output"": [1, 128, 128], ""weight"": [128, 128], ""weight_v5"": [1, 128, 128], ""x"": [128, 128]}",ok,ok,True,True,0.10586553253233433,0.25018653832376003,42.31463980501478,[],,,/home/zhouruoyu/github/pto-kernels/bench/generated/gmm/grouped_matmul/report.json,bench/specs/gmm/grouped_matmul.yaml
gmm,grouped_matmul,2,,"{""output"": [1, 64, 128], ""weight"": [64, 128], ""weight_v5"": [1, 64, 128], ""x"": [64, 64]}",ok,ok,True,True,0.10842049960047007,0.25536108296364546,42.45772235227612,[],,,/home/zhouruoyu/github/pto-kernels/bench/generated/gmm/grouped_matmul/report.json,bench/specs/gmm/grouped_matmul.yaml
gmm,grouped_matmul,3,,"{""output"": [1, 128, 256], ""weight"": [128, 256], ""weight_v5"": [1, 128, 256], ""x"": [128, 128]}",ok,ok,True,True,0.10603608097881079,0.2498419489711523,42.441263933245295,[],,,/home/zhouruoyu/github/pto-kernels/bench/generated/gmm/grouped_matmul/report.json,bench/specs/gmm/grouped_matmul.yaml
gmm,grouped_matmul_add,1,,"{""output"": [64, 128], ""weight"": [128, 128], ""x_pto"": [64, 128], ""x_t"": [128, 64], ""y_init"": [64, 128]}",ok,ok,True,True,0.24040613789111376,0.35683251917362213,67.37226148778794,[],,,/home/zhouruoyu/github/pto-kernels/bench/generated/gmm/grouped_matmul_add/report.json,bench/specs/gmm/grouped_matmul_add.yaml
gmm,grouped_matmul_add,2,,"{""output"": [128, 256], ""weight"": [128, 256], ""x_pto"": [128, 128], ""x_t"": [128, 128], ""y_init"": [128, 256]}",ok,ok,True,True,0.24046096950769424,0.3830071073025465,62.78237790447798,[],,,/home/zhouruoyu/github/pto-kernels/bench/generated/gmm/grouped_matmul_add/report.json,bench/specs/gmm/grouped_matmul_add.yaml
gmm,grouped_matmul_finalize_routing,1,,null,blocked,blocked,False,False,,,,[],"torch_npu.npu_grouped_matmul_finalize_routing on this host requires the routed quantized contract and either a valid ND quantized weight dtype or FRACTAL_NZ-style storage metadata. Measured probes show plain ND int8 weights are rejected, W4A8-sized ND probes can segfault, and the NZ-format path is still gated until local TBE-side format tooling is fully healthy.",PTO port is intentionally deferred until the baseline routed quantized contract and weight storage layout are reproducible on this host.,/home/zhouruoyu/github/pto-kernels/bench/generated/gmm/grouped_matmul_finalize_routing/report.json,bench/specs/gmm/grouped_matmul_finalize_routing.yaml
gmm,grouped_matmul_swiglu_quant,1,,null,blocked,blocked,False,False,,,,[],"Unable to materialize NZ-format weight storage on this host: RuntimeError: Run:build/CMakeFiles/torch_npu.dir/compiler_depend.ts:135 NPU function error: AclSetCompileopt(aclCompileOpt::ACL_OP_JIT_COMPILE, val->c_str()), error code is 500001
[ERROR] 2026-03-16-11:11:18 (PID:667120, Device:0, RankID:-1) ERR00100 PTA call acl api failed
[Error]: The internal ACL of the system is incorrect.
        Rectify the fault based on the error information in the ascend log.
",PTO port is deferred until the host FRACTAL_NZ baseline contract is reproducible.,/home/zhouruoyu/github/pto-kernels/bench/generated/gmm/grouped_matmul_swiglu_quant/report.json,bench/specs/gmm/grouped_matmul_swiglu_quant.yaml
gmm,grouped_matmul_swiglu_quant_v2,1,,null,blocked,blocked,False,False,,,,[],torch_npu.npu_grouped_matmul_swiglu_quant_v2 requires list-valued FP8/scale contracts matching the upstream ACLNN example. A stable minimal Python baseline slice is not reproduced yet on this host.,PTO port is deferred until the host FP8/list-valued baseline contract is reproducible.,/home/zhouruoyu/github/pto-kernels/bench/generated/gmm/grouped_matmul_swiglu_quant_v2/report.json,bench/specs/gmm/grouped_matmul_swiglu_quant_v2.yaml
gmm,quant_grouped_matmul_inplace_add,1,,null,blocked,blocked,False,False,,,,[],This host does not expose a torch_npu Python entrypoint for quant_grouped_matmul_inplace_add. The upstream contract is currently only visible through ACLNN/C++ tests and examples.,PTO port is deferred until a reproducible baseline host contract exists.,/home/zhouruoyu/github/pto-kernels/bench/generated/gmm/quant_grouped_matmul_inplace_add/report.json,bench/specs/gmm/quant_grouped_matmul_inplace_add.yaml
posembedding,apply_rotary_pos_emb,1,,"{""cos"": [64, 1, 128], ""key"": [64, 1, 128], ""query"": [64, 1, 128], ""sin"": [64, 1, 128]}",ok,ok,True,True,0.09949109517037868,0.2141265431419015,46.4636909140433,[],,,/home/zhouruoyu/github/pto-kernels/bench/generated/posembedding/apply_rotary_pos_emb/report.json,bench/specs/posembedding/apply_rotary_pos_emb.yaml
posembedding,apply_rotary_pos_emb,2,,"{""cos"": [2, 32, 1, 128], ""key"": [2, 32, 1, 128], ""query"": [2, 32, 1, 128], ""sin"": [2, 32, 1, 128]}",ok,ok,True,True,0.09974604472517967,0.21331105381250381,46.760841945328565,[],,,/home/zhouruoyu/github/pto-kernels/bench/generated/posembedding/apply_rotary_pos_emb/report.json,bench/specs/posembedding/apply_rotary_pos_emb.yaml
posembedding,dequant_rope_quant_kvcache,1,,"{""cos"": [2, 64], ""k"": [2, 1, 64], ""k_cache"": [2, 8, 1, 64], ""q"": [2, 1, 64], ""sin"": [2, 64], ""v"": [2, 1, 64], ""v_cache"": [2, 8, 1, 64], ""weight_scale"": [192], ""x"": [2, 192]}",ok,ok,True,True,0.14102039858698845,0.8286749944090843,17.017576195544308,[],,,/home/zhouruoyu/github/pto-kernels/bench/generated/posembedding/dequant_rope_quant_kvcache/report.json,bench/specs/posembedding/dequant_rope_quant_kvcache.yaml
posembedding,dequant_rope_quant_kvcache,2,,"{""cos"": [4, 64], ""k"": [4, 1, 64], ""k_cache"": [4, 8, 1, 64], ""q"": [4, 1, 64], ""sin"": [4, 64], ""v"": [4, 1, 64], ""v_cache"": [4, 8, 1, 64], ""weight_scale"": [192], ""x"": [4, 192]}",ok,ok,True,True,0.14042598195374012,0.7805144414305687,17.991464923616256,[],,,/home/zhouruoyu/github/pto-kernels/bench/generated/posembedding/dequant_rope_quant_kvcache/report.json,bench/specs/posembedding/dequant_rope_quant_kvcache.yaml
posembedding,interleave_rope,1,,"{""cos"": [1, 1, 32, 64], ""sin"": [1, 1, 32, 64], ""x"": [1, 1, 32, 64], ""y"": [1, 1, 32, 64]}",ok,ok,True,True,0.09361549746245146,0.3212320152670145,29.14264239342283,[],,,/home/zhouruoyu/github/pto-kernels/bench/generated/posembedding/interleave_rope/report.json,bench/specs/posembedding/interleave_rope.yaml
posembedding,interleave_rope,2,,"{""cos"": [2, 1, 32, 64], ""sin"": [2, 1, 32, 64], ""x"": [2, 1, 32, 64], ""y"": [2, 1, 32, 64]}",ok,ok,True,True,0.09362050332129002,0.32017193734645844,29.240696138832167,[],,,/home/zhouruoyu/github/pto-kernels/bench/generated/posembedding/interleave_rope/report.json,bench/specs/posembedding/interleave_rope.yaml
posembedding,rope_quant_kvcache,1,,"{""cos"": [2, 64], ""k"": [2, 1, 64], ""k_cache"": [2, 8, 1, 64], ""q"": [2, 1, 64], ""sin"": [2, 64], ""v"": [2, 1, 64], ""v_cache"": [2, 8, 1, 64], ""x"": [2, 192]}",ok,ok,True,True,0.1380059402436018,0.7694594096392393,17.93544123507513,[],,,/home/zhouruoyu/github/pto-kernels/bench/generated/posembedding/rope_quant_kvcache/report.json,bench/specs/posembedding/rope_quant_kvcache.yaml
posembedding,rope_quant_kvcache,2,,"{""cos"": [4, 64], ""k"": [4, 1, 64], ""k_cache"": [4, 8, 1, 64], ""q"": [4, 1, 64], ""sin"": [4, 64], ""v"": [4, 1, 64], ""v_cache"": [4, 8, 1, 64], ""x"": [4, 192]}",ok,ok,True,True,0.13793096877634525,0.7649244507774711,18.031972783214325,[],,,/home/zhouruoyu/github/pto-kernels/bench/generated/posembedding/rope_quant_kvcache/report.json,bench/specs/posembedding/rope_quant_kvcache.yaml
posembedding,rotary_position_embedding,1,,"{""cos"": [2, 32, 1, 128], ""out"": [2, 32, 1, 128], ""sin"": [2, 32, 1, 128], ""x"": [2, 32, 1, 128]}",ok,ok,True,True,0.09646103717386723,0.18305587582290173,52.69485982913158,[],,,/home/zhouruoyu/github/pto-kernels/bench/generated/posembedding/rotary_position_embedding/report.json,bench/specs/posembedding/rotary_position_embedding.yaml
posembedding,rotary_position_embedding,2,,"{""cos"": [2, 1, 32, 128], ""out"": [2, 1, 32, 128], ""sin"": [2, 1, 32, 128], ""x"": [2, 1, 32, 128]}",ok,ok,True,True,0.09691598825156689,0.18127611838281155,53.463185948688306,[],,,/home/zhouruoyu/github/pto-kernels/bench/generated/posembedding/rotary_position_embedding/report.json,bench/specs/posembedding/rotary_position_embedding.yaml
posembedding,rotary_position_embedding_grad,1,,"{""cos"": [2, 32, 1, 128], ""dcos"": [2, 32, 1, 128], ""dsin"": [2, 32, 1, 128], ""dx"": [2, 32, 1, 128], ""dy"": [2, 32, 1, 128], ""sin"": [2, 32, 1, 128], ""x"": [2, 32, 1, 128]}",ok,ok,True,True,0.10825041681528091,0.2742665819823742,39.46905088941446,"[""On this host torch_npu.npu_rotary_mul_backward returns zero-filled dcos/dsin outputs."", ""Baseline correctness and parity are therefore validated on dx only; PTO still validates dx/dcos/dsin against the PTO reference.""]",,,/home/zhouruoyu/github/pto-kernels/bench/generated/posembedding/rotary_position_embedding_grad/report.json,bench/specs/posembedding/rotary_position_embedding_grad.yaml
posembedding,rotary_position_embedding_grad,2,,"{""cos"": [2, 1, 32, 128], ""dcos"": [2, 1, 32, 128], ""dsin"": [2, 1, 32, 128], ""dx"": [2, 1, 32, 128], ""dy"": [2, 1, 32, 128], ""sin"": [2, 1, 32, 128], ""x"": [2, 1, 32, 128]}",ok,ok,True,True,0.12065598275512457,0.2771869767457247,43.528734348081365,"[""On this host torch_npu.npu_rotary_mul_backward returns zero-filled dcos/dsin outputs."", ""Baseline correctness and parity are therefore validated on dx only; PTO still validates dx/dcos/dsin against the PTO reference.""]",,,/home/zhouruoyu/github/pto-kernels/bench/generated/posembedding/rotary_position_embedding_grad/report.json,bench/specs/posembedding/rotary_position_embedding_grad.yaml
posembedding,qkv_rms_norm_rope_cache,1,,null,blocked,ok,False,True,,0.7740890141576529,,[],Baseline runtime entrypoint is unavailable on this host.,,/home/zhouruoyu/github/pto-kernels/bench/generated/posembedding/qkv_rms_norm_rope_cache/report.json,bench/specs/posembedding/qkv_rms_norm_rope_cache.yaml
ffn,ffn,1,,"{""hidden"": [32, 256], ""output"": [32, 128], ""weight1"": [128, 256], ""weight2"": [256, 128], ""x"": [32, 128]}",ok,ok,True,True,0.0847760820761323,0.43036264833062887,19.698754621242717,[],,,/home/zhouruoyu/github/pto-kernels/bench/generated/ffn/ffn/report.json,bench/specs/ffn/ffn.yaml
ffn,ffn,2,,"{""hidden"": [64, 256], ""output"": [64, 128], ""weight1"": [128, 256], ""weight2"": [256, 128], ""x"": [64, 128]}",ok,ok,True,True,0.08912058547139168,0.4296180559322238,20.74414337125795,[],,,/home/zhouruoyu/github/pto-kernels/bench/generated/ffn/ffn/report.json,bench/specs/ffn/ffn.yaml
ffn,ffn,3,,"{""hidden"": [32, 512], ""output"": [32, 128], ""weight1"": [128, 512], ""weight2"": [512, 128], ""x"": [32, 128]}",ok,ok,True,True,0.0879904255270958,0.4650879418477416,18.919094134653292,[],,,/home/zhouruoyu/github/pto-kernels/bench/generated/ffn/ffn/report.json,bench/specs/ffn/ffn.yaml
ffn,swin_attention_ffn,1,,null,blocked,ok,False,True,,0.3649669233709574,,[],Baseline runtime entrypoint is unavailable on this host.,,/home/zhouruoyu/github/pto-kernels/bench/generated/ffn/swin_attention_ffn/report.json,bench/specs/ffn/swin_attention_ffn.yaml
ffn,swin_transformer_ln_qkv,1,,null,blocked,ok,False,True,,0.7423094939440489,,[],Baseline runtime entrypoint is unavailable on this host.,,/home/zhouruoyu/github/pto-kernels/bench/generated/ffn/swin_transformer_ln_qkv/report.json,bench/specs/ffn/swin_transformer_ln_qkv.yaml
ffn,swin_transformer_ln_qkv_quant,1,,null,blocked,blocked,False,False,,,,"[""No Python-visible torch_npu or torch.ops.npu entrypoint on this host"", ""Public ACLNN documentation marks the operator unsupported on Atlas A2 / 910B""]","This host does not expose a Python baseline entrypoint for SwinTransformerLnQkvQuant, and the public ACLNN documentation marks the operator unsupported on Atlas A2 / 910B.",A real PTO port requires a validated PTODSL/PTOAS/pto-isa path for layernorm -> quantize(int8) -> int8 cube matmul with int32 bias -> dequantize -> q/k/v split. That upstream-faithful quantized Swin path is not exposed end to end in the current PTO stack.,/home/zhouruoyu/github/pto-kernels/bench/generated/ffn/swin_transformer_ln_qkv_quant/report.json,bench/specs/ffn/swin_transformer_ln_qkv_quant.yaml
moe,moe_token_permute,1,,"{""gather_indices"": [128], ""indices"": [8], ""tokens"": [8, 16]}",ok,ok,True,True,0.1086108386516571,0.34766201861202717,31.240352076785584,[],,,/home/zhouruoyu/github/pto-kernels/bench/generated/moe/moe_token_permute/report.json,bench/specs/moe/moe_token_permute.yaml
moe,moe_token_permute,2,,"{""gather_indices"": [256], ""indices"": [16], ""tokens"": [16, 16]}",ok,ok,True,True,0.10779011063277721,0.3445870243012905,31.280954601044602,[],,,/home/zhouruoyu/github/pto-kernels/bench/generated/moe/moe_token_permute/report.json,bench/specs/moe/moe_token_permute.yaml
moe,moe_token_permute,3,,"{""gather_indices"": [512], ""indices"": [16], ""tokens"": [16, 32]}",ok,ok,True,True,0.1077459892258048,0.3451770171523094,31.214705461766556,[],,,/home/zhouruoyu/github/pto-kernels/bench/generated/moe/moe_token_permute/report.json,bench/specs/moe/moe_token_permute.yaml
moe,moe_finalize_routing,1,,"{""bias"": [4, 16], ""expanded_expert_idx"": [16, 1], ""expanded_row_idx"": [16], ""expanded_x"": [16, 16], ""out"": [16, 16], ""scales"": [16, 1], ""x1"": [16, 16]}",ok,ok,True,True,0.1029354752972722,0.2899619285017252,35.49965191263368,[],,,/home/zhouruoyu/github/pto-kernels/bench/generated/moe/moe_finalize_routing/report.json,bench/specs/moe/moe_finalize_routing.yaml
moe,moe_finalize_routing,2,,"{""bias"": [4, 64], ""expanded_expert_idx"": [256, 1], ""expanded_row_idx"": [256], ""expanded_x"": [256, 64], ""out"": [256, 64], ""scales"": [256, 1], ""x1"": [256, 64]}",ok,ok,True,True,0.1017105532810092,0.29122200794517994,34.92543506538673,[],,,/home/zhouruoyu/github/pto-kernels/bench/generated/moe/moe_finalize_routing/report.json,bench/specs/moe/moe_finalize_routing.yaml
moe,moe_finalize_routing,3,,"{""bias"": [4, 128], ""expanded_expert_idx"": [128, 1], ""expanded_row_idx"": [128], ""expanded_x"": [128, 128], ""out"": [128, 128], ""scales"": [128, 1], ""x1"": [128, 128]}",ok,ok,True,True,0.10114605538547039,0.28974597807973623,34.908527826962846,[],,,/home/zhouruoyu/github/pto-kernels/bench/generated/moe/moe_finalize_routing/report.json,bench/specs/moe/moe_finalize_routing.yaml
moe,moe_finalize_routing_v2,1,,null,blocked,ok,False,True,,0.30656205490231514,,[],Baseline runtime entrypoint is unavailable on this host.,,/home/zhouruoyu/github/pto-kernels/bench/generated/moe/moe_finalize_routing_v2/report.json,bench/specs/moe/moe_finalize_routing_v2.yaml
moe,moe_finalize_routing_v2_grad,1,,null,blocked,blocked,False,False,,,,[],Baseline runtime entrypoint is unavailable on this host.,"PTO compile failed: Command '['ptoas', '--enable-insert-sync', '/home/zhouruoyu/github/pto-kernels/bench/results/moe/moe_finalize_routing_v2_grad/20260316T031454Z/t16_h16/kernel.pto', '-o', '/home/zhouruoyu/github/pto-kernels/bench/results/moe/moe_finalize_routing_v2_grad/20260316T031454Z/t16_h16/kernel.cpp']' returned non-zero exit status 1.",/home/zhouruoyu/github/pto-kernels/bench/generated/moe/moe_finalize_routing_v2_grad/report.json,bench/specs/moe/moe_finalize_routing_v2_grad.yaml
moe,moe_gating_top_k,1,,"{""expert_idx_out"": [8, 1], ""norm_out"": [8, 16], ""x"": [8, 16], ""y_out"": [8, 1]}",ok,ok,False,True,0.12839597184211016,0.23570144549012184,54.473985755633045,[],,,/home/zhouruoyu/github/pto-kernels/bench/generated/moe/moe_gating_top_k/report.json,bench/specs/moe/moe_gating_top_k.yaml
moe,moe_gating_top_k,2,,"{""expert_idx_out"": [256, 1], ""norm_out"": [256, 64], ""x"": [256, 64], ""y_out"": [256, 1]}",ok,ok,False,True,0.12690597213804722,0.23467093706130981,54.07826539035464,[],,,/home/zhouruoyu/github/pto-kernels/bench/generated/moe/moe_gating_top_k/report.json,bench/specs/moe/moe_gating_top_k.yaml
moe,moe_gating_top_k,3,,"{""expert_idx_out"": [128, 1], ""norm_out"": [128, 128], ""x"": [128, 128], ""y_out"": [128, 1]}",ok,ok,False,True,0.1283654710277915,0.23380143102258444,54.90362931756043,[],,,/home/zhouruoyu/github/pto-kernels/bench/generated/moe/moe_gating_top_k/report.json,bench/specs/moe/moe_gating_top_k.yaml
moe,moe_gating_top_k_softmax,1,,"{""expert_idx_out"": [8, 1], ""row_idx_out"": [8, 1], ""x"": [8, 16], ""y_out"": [8, 1]}",ok,ok,True,True,0.1009105471894145,0.3772120689973235,26.751675114120093,[],,,/home/zhouruoyu/github/pto-kernels/bench/generated/moe/moe_gating_top_k_softmax/report.json,bench/specs/moe/moe_gating_top_k_softmax.yaml
moe,moe_gating_top_k_softmax,2,,"{""expert_idx_out"": [256, 1], ""row_idx_out"": [256, 1], ""x"": [256, 64], ""y_out"": [256, 1]}",ok,ok,True,True,0.10123499669134617,0.37832255475223064,26.75891125699512,[],,,/home/zhouruoyu/github/pto-kernels/bench/generated/moe/moe_gating_top_k_softmax/report.json,bench/specs/moe/moe_gating_top_k_softmax.yaml
moe,moe_gating_top_k_softmax,3,,"{""expert_idx_out"": [128, 1], ""row_idx_out"": [128, 1], ""x"": [128, 128], ""y_out"": [128, 1]}",ok,ok,True,True,0.10022101923823357,0.379262026399374,26.425271253678822,[],,,/home/zhouruoyu/github/pto-kernels/bench/generated/moe/moe_gating_top_k_softmax/report.json,bench/specs/moe/moe_gating_top_k_softmax.yaml
moe,moe_gating_top_k_softmax_v2,1,,null,blocked,ok,False,True,,0.3726324066519737,,[],Baseline runtime entrypoint is unavailable on this host.,,/home/zhouruoyu/github/pto-kernels/bench/generated/moe/moe_gating_top_k_softmax_v2/report.json,bench/specs/moe/moe_gating_top_k_softmax_v2.yaml
moe,moe_compute_expert_tokens,1,,"{""out"": [8], ""sorted_experts"": [64]}",ok,blocked,True,False,0.0945358769968152,,,[],,"PTO compile failed: Command '['ptoas', '--enable-insert-sync', '/home/zhouruoyu/github/pto-kernels/bench/results/moe/moe_compute_expert_tokens/20260316T031557Z/r64_e8/kernel.pto', '-o', '/home/zhouruoyu/github/pto-kernels/bench/results/moe/moe_compute_expert_tokens/20260316T031557Z/r64_e8/kernel.cpp']' returned non-zero exit status 1.",/home/zhouruoyu/github/pto-kernels/bench/generated/moe/moe_compute_expert_tokens/report.json,bench/specs/moe/moe_compute_expert_tokens.yaml
moe,moe_compute_expert_tokens,2,,"{""out"": [64], ""sorted_experts"": [4096]}",ok,blocked,True,False,0.09318056982010603,,,[],,"PTO compile failed: Command '['ptoas', '--enable-insert-sync', '/home/zhouruoyu/github/pto-kernels/bench/results/moe/moe_compute_expert_tokens/20260316T031557Z/r64_e8/kernel.pto', '-o', '/home/zhouruoyu/github/pto-kernels/bench/results/moe/moe_compute_expert_tokens/20260316T031557Z/r64_e8/kernel.cpp']' returned non-zero exit status 1.",/home/zhouruoyu/github/pto-kernels/bench/generated/moe/moe_compute_expert_tokens/report.json,bench/specs/moe/moe_compute_expert_tokens.yaml
moe,moe_compute_expert_tokens,3,,"{""out"": [128], ""sorted_experts"": [8192]}",ok,blocked,True,False,0.09462540037930012,,,[],,"PTO compile failed: Command '['ptoas', '--enable-insert-sync', '/home/zhouruoyu/github/pto-kernels/bench/results/moe/moe_compute_expert_tokens/20260316T031557Z/r64_e8/kernel.pto', '-o', '/home/zhouruoyu/github/pto-kernels/bench/results/moe/moe_compute_expert_tokens/20260316T031557Z/r64_e8/kernel.cpp']' returned non-zero exit status 1.",/home/zhouruoyu/github/pto-kernels/bench/generated/moe/moe_compute_expert_tokens/report.json,bench/specs/moe/moe_compute_expert_tokens.yaml
moe,moe_init_routing,1,,"{""expanded_expert_idx"": [16], ""expanded_row_idx"": [16], ""expanded_x"": [16, 16], ""expert_idx"": [16, 1], ""gather_indices"": [256], ""row_idx"": [16, 1], ""x"": [16, 16]}",ok,ok,True,False,0.1109858276322484,0.6664741085842252,16.652684058201885,[],,,/home/zhouruoyu/github/pto-kernels/bench/generated/moe/moe_init_routing/report.json,bench/specs/moe/moe_init_routing.yaml
moe,moe_init_routing,2,,"{""expanded_expert_idx"": [256], ""expanded_row_idx"": [256], ""expanded_x"": [256, 64], ""expert_idx"": [256, 1], ""gather_indices"": [16384], ""row_idx"": [256, 1], ""x"": [256, 64]}",ok,ok,True,False,0.11007511056959629,0.6776888621971011,16.242720916605784,[],,,/home/zhouruoyu/github/pto-kernels/bench/generated/moe/moe_init_routing/report.json,bench/specs/moe/moe_init_routing.yaml
moe,moe_init_routing,3,,"{""expanded_expert_idx"": [128], ""expanded_row_idx"": [128], ""expanded_x"": [128, 128], ""expert_idx"": [128, 1], ""gather_indices"": [16384], ""row_idx"": [128, 1], ""x"": [128, 128]}",ok,ok,True,False,0.11068605817854404,0.6723139667883515,16.463447681637806,[],,,/home/zhouruoyu/github/pto-kernels/bench/generated/moe/moe_init_routing/report.json,bench/specs/moe/moe_init_routing.yaml
moe,moe_init_routing_v2,1,,null,blocked,blocked,False,False,,,,[],The Python-visible npu_moe_init_routing_v2 host entrypoint crashes on this host (exit code -11) for the validated dropless top-1 grouped-expert probe.,"PTO compile failed: Command '['ptoas', '--enable-insert-sync', '/home/zhouruoyu/github/pto-kernels/bench/results/moe/moe_init_routing_v2/20260316T031630Z/t16_h16_e4/kernel.pto', '-o', '/home/zhouruoyu/github/pto-kernels/bench/results/moe/moe_init_routing_v2/20260316T031630Z/t16_h16_e4/kernel.cpp']' returned non-zero exit status 1.",/home/zhouruoyu/github/pto-kernels/bench/generated/moe/moe_init_routing_v2/report.json,bench/specs/moe/moe_init_routing_v2.yaml
moe,moe_token_permute_grad,1,,"{""grad_permuted_tokens"": [8, 16], ""indices"": [8], ""out"": [8, 16], ""sorted_indices"": [8], ""tokens"": [8, 16]}",ok,ok,True,True,0.0955208670347929,0.22092601284384727,43.236586676783965,[],,,/home/zhouruoyu/github/pto-kernels/bench/generated/moe/moe_token_permute_grad/report.json,bench/specs/moe/moe_token_permute_grad.yaml
moe,moe_token_permute_grad,2,,"{""grad_permuted_tokens"": [256, 64], ""indices"": [256], ""out"": [256, 64], ""sorted_indices"": [256], ""tokens"": [256, 64]}",ok,ok,True,True,0.0949010718613863,0.22041599731892347,43.0554374526965,[],,,/home/zhouruoyu/github/pto-kernels/bench/generated/moe/moe_token_permute_grad/report.json,bench/specs/moe/moe_token_permute_grad.yaml
moe,moe_token_permute_grad,3,,"{""grad_permuted_tokens"": [128, 128], ""indices"": [128], ""out"": [128, 128], ""sorted_indices"": [128], ""tokens"": [128, 128]}",ok,ok,True,True,0.09665603283792734,0.22384594194591045,43.17971190260981,[],,,/home/zhouruoyu/github/pto-kernels/bench/generated/moe/moe_token_permute_grad/report.json,bench/specs/moe/moe_token_permute_grad.yaml
moe,moe_token_permute_with_routing_map,1,,"{""gather_indices"": [128], ""routing_map"": [8, 4], ""sorted_indices"": [8], ""tokens"": [8, 16]}",ok,ok,True,True,0.09868049528449774,0.3506280481815338,28.14392510704306,[],,,/home/zhouruoyu/github/pto-kernels/bench/generated/moe/moe_token_permute_with_routing_map/report.json,bench/specs/moe/moe_token_permute_with_routing_map.yaml
moe,moe_token_permute_with_routing_map,2,,"{""gather_indices"": [16384], ""routing_map"": [256, 8], ""sorted_indices"": [256], ""tokens"": [256, 64]}",ok,ok,True,True,0.10078097693622112,0.35099696833640337,28.712777040179553,[],,,/home/zhouruoyu/github/pto-kernels/bench/generated/moe/moe_token_permute_with_routing_map/report.json,bench/specs/moe/moe_token_permute_with_routing_map.yaml
moe,moe_token_permute_with_routing_map,3,,"{""gather_indices"": [16384], ""routing_map"": [128, 8], ""sorted_indices"": [128], ""tokens"": [128, 128]}",ok,ok,True,True,0.10134547483175993,0.3494869451969862,28.998357799784813,[],,,/home/zhouruoyu/github/pto-kernels/bench/generated/moe/moe_token_permute_with_routing_map/report.json,bench/specs/moe/moe_token_permute_with_routing_map.yaml
moe,moe_token_permute_with_routing_map_grad,1,,"{""permuted_tokens_grad"": [8, 16], ""routing_map"": [8, 4], ""sorted_indices"": [8], ""token_grad_out"": [8, 16]}",ok,ok,False,True,0.082825543358922,0.2622713800519705,31.580092094878854,"[""t8_h16_e4: probsOptional=None returns no probs_grad; baseline parity is validated on token_grad only."", ""t256_h64_e8: probsOptional=None returns no probs_grad; baseline parity is validated on token_grad only."", ""t128_h128_e8: probsOptional=None returns no probs_grad; baseline parity is validated on token_grad only.""]",,,/home/zhouruoyu/github/pto-kernels/bench/generated/moe/moe_token_permute_with_routing_map_grad/report.json,bench/specs/moe/moe_token_permute_with_routing_map_grad.yaml
moe,moe_token_permute_with_routing_map_grad,2,,"{""permuted_tokens_grad"": [256, 64], ""routing_map"": [256, 8], ""sorted_indices"": [256], ""token_grad_out"": [256, 64]}",ok,ok,False,True,0.08344545494765043,0.2606359776109457,32.01609221893779,"[""t8_h16_e4: probsOptional=None returns no probs_grad; baseline parity is validated on token_grad only."", ""t256_h64_e8: probsOptional=None returns no probs_grad; baseline parity is validated on token_grad only."", ""t128_h128_e8: probsOptional=None returns no probs_grad; baseline parity is validated on token_grad only.""]",,,/home/zhouruoyu/github/pto-kernels/bench/generated/moe/moe_token_permute_with_routing_map_grad/report.json,bench/specs/moe/moe_token_permute_with_routing_map_grad.yaml
moe,moe_token_permute_with_routing_map_grad,3,,"{""permuted_tokens_grad"": [128, 128], ""routing_map"": [128, 8], ""sorted_indices"": [128], ""token_grad_out"": [128, 128]}",ok,ok,False,True,0.08236058056354523,0.26414706371724606,31.17982059104295,"[""t8_h16_e4: probsOptional=None returns no probs_grad; baseline parity is validated on token_grad only."", ""t256_h64_e8: probsOptional=None returns no probs_grad; baseline parity is validated on token_grad only."", ""t128_h128_e8: probsOptional=None returns no probs_grad; baseline parity is validated on token_grad only.""]",,,/home/zhouruoyu/github/pto-kernels/bench/generated/moe/moe_token_permute_with_routing_map_grad/report.json,bench/specs/moe/moe_token_permute_with_routing_map_grad.yaml
moe,moe_re_routing,1,,"{""expert_token_num"": [2], ""expert_token_num_per_rank"": [2, 2], ""per_token_scales"": [8], ""permute_per_token_scales"": [8], ""permute_token_idx"": [8], ""permute_tokens"": [8, 16], ""tokens"": [8, 16]}",ok,blocked,True,False,0.12065551709383726,,,[],,"PTO compile failed: Command '['ptoas', '--enable-insert-sync', '/home/zhouruoyu/github/pto-kernels/bench/results/moe/moe_re_routing/20260316T031729Z/t8_h16_r2_e2/kernel.pto', '-o', '/home/zhouruoyu/github/pto-kernels/bench/results/moe/moe_re_routing/20260316T031729Z/t8_h16_r2_e2/kernel.cpp']' returned non-zero exit status 1.",/home/zhouruoyu/github/pto-kernels/bench/generated/moe/moe_re_routing/report.json,bench/specs/moe/moe_re_routing.yaml
moe,moe_re_routing,2,,"{""expert_token_num"": [4], ""expert_token_num_per_rank"": [4, 4], ""per_token_scales"": [256], ""permute_per_token_scales"": [256], ""permute_token_idx"": [256], ""permute_tokens"": [256, 64], ""tokens"": [256, 64]}",ok,blocked,True,False,0.12123060878366232,,,[],,"PTO compile failed: Command '['ptoas', '--enable-insert-sync', '/home/zhouruoyu/github/pto-kernels/bench/results/moe/moe_re_routing/20260316T031729Z/t8_h16_r2_e2/kernel.pto', '-o', '/home/zhouruoyu/github/pto-kernels/bench/results/moe/moe_re_routing/20260316T031729Z/t8_h16_r2_e2/kernel.cpp']' returned non-zero exit status 1.",/home/zhouruoyu/github/pto-kernels/bench/generated/moe/moe_re_routing/report.json,bench/specs/moe/moe_re_routing.yaml
moe,moe_re_routing,3,,"{""expert_token_num"": [4], ""expert_token_num_per_rank"": [4, 4], ""per_token_scales"": [128], ""permute_per_token_scales"": [128], ""permute_token_idx"": [128], ""permute_tokens"": [128, 128], ""tokens"": [128, 128]}",ok,blocked,True,False,0.11956552043557167,,,[],,"PTO compile failed: Command '['ptoas', '--enable-insert-sync', '/home/zhouruoyu/github/pto-kernels/bench/results/moe/moe_re_routing/20260316T031729Z/t8_h16_r2_e2/kernel.pto', '-o', '/home/zhouruoyu/github/pto-kernels/bench/results/moe/moe_re_routing/20260316T031729Z/t8_h16_r2_e2/kernel.cpp']' returned non-zero exit status 1.",/home/zhouruoyu/github/pto-kernels/bench/generated/moe/moe_re_routing/report.json,bench/specs/moe/moe_re_routing.yaml
moe,moe_token_unpermute,1,,"{""gather_indices"": [128], ""out"": [8, 16], ""permuted_tokens"": [8, 16], ""sorted_indices"": [8]}",ok,ok,True,True,0.10427553206682205,0.22530113346874714,46.28273744627509,[],,,/home/zhouruoyu/github/pto-kernels/bench/generated/moe/moe_token_unpermute/report.json,bench/specs/moe/moe_token_unpermute.yaml
moe,moe_token_unpermute,2,,"{""gather_indices"": [16384], ""out"": [256, 64], ""permuted_tokens"": [256, 64], ""sorted_indices"": [256]}",ok,ok,True,True,0.10661105625331402,0.22303697187453508,47.79972367688255,[],,,/home/zhouruoyu/github/pto-kernels/bench/generated/moe/moe_token_unpermute/report.json,bench/specs/moe/moe_token_unpermute.yaml
moe,moe_token_unpermute,3,,"{""gather_indices"": [16384], ""out"": [128, 128], ""permuted_tokens"": [128, 128], ""sorted_indices"": [128]}",ok,ok,True,True,0.11623557657003403,0.22508157417178154,51.64153351856488,[],,,/home/zhouruoyu/github/pto-kernels/bench/generated/moe/moe_token_unpermute/report.json,bench/specs/moe/moe_token_unpermute.yaml
moe,moe_token_unpermute_grad,1,,"{""permuted_tokens"": [8, 16], ""permuted_tokens_grad"": [8, 16], ""probs_grad"": [], ""sorted_indices"": [8], ""unpermuted_tokens_grad"": [8, 16]}",ok,ok,True,True,0.10620604734867811,0.26051653549075127,40.767488001715954,"[""t8_h16: torch_npu returned drifted probs_grad for probsOptional=None; baseline parity is validated on permuted_tokens_grad only."", ""t256_h64: torch_npu returned drifted probs_grad for probsOptional=None; baseline parity is validated on permuted_tokens_grad only.""]",,,/home/zhouruoyu/github/pto-kernels/bench/generated/moe/moe_token_unpermute_grad/report.json,bench/specs/moe/moe_token_unpermute_grad.yaml
moe,moe_token_unpermute_grad,2,,"{""permuted_tokens"": [256, 64], ""permuted_tokens_grad"": [256, 64], ""probs_grad"": [], ""sorted_indices"": [256], ""unpermuted_tokens_grad"": [256, 64]}",ok,ok,True,True,0.10618043597787619,0.28139143250882626,37.73406852909272,"[""t8_h16: torch_npu returned drifted probs_grad for probsOptional=None; baseline parity is validated on permuted_tokens_grad only."", ""t256_h64: torch_npu returned drifted probs_grad for probsOptional=None; baseline parity is validated on permuted_tokens_grad only.""]",,,/home/zhouruoyu/github/pto-kernels/bench/generated/moe/moe_token_unpermute_grad/report.json,bench/specs/moe/moe_token_unpermute_grad.yaml
moe,moe_token_unpermute_grad,3,,"{""permuted_tokens"": [128, 128], ""permuted_tokens_grad"": [128, 128], ""probs_grad"": [], ""sorted_indices"": [128], ""unpermuted_tokens_grad"": [128, 128]}",ok,ok,True,True,0.10456051677465439,0.2602915046736598,40.170545291421256,"[""t8_h16: torch_npu returned drifted probs_grad for probsOptional=None; baseline parity is validated on permuted_tokens_grad only."", ""t256_h64: torch_npu returned drifted probs_grad for probsOptional=None; baseline parity is validated on permuted_tokens_grad only.""]",,,/home/zhouruoyu/github/pto-kernels/bench/generated/moe/moe_token_unpermute_grad/report.json,bench/specs/moe/moe_token_unpermute_grad.yaml
moe,moe_token_unpermute_with_routing_map,1,,"{""gather_indices"": [128], ""permuted_tokens"": [8, 16], ""restore_shape"": [8, 16], ""routing_map"": [8, 4], ""sorted_indices"": [8]}",ok,ok,True,True,0.09905046317726374,0.22496096789836884,44.030066238873935,[],,,/home/zhouruoyu/github/pto-kernels/bench/generated/moe/moe_token_unpermute_with_routing_map/report.json,bench/specs/moe/moe_token_unpermute_with_routing_map.yaml
moe,moe_token_unpermute_with_routing_map,2,,"{""gather_indices"": [16384], ""permuted_tokens"": [256, 64], ""restore_shape"": [256, 64], ""routing_map"": [256, 8], ""sorted_indices"": [256]}",ok,ok,True,True,0.09984604548662901,0.2254219725728035,44.292951723853,[],,,/home/zhouruoyu/github/pto-kernels/bench/generated/moe/moe_token_unpermute_with_routing_map/report.json,bench/specs/moe/moe_token_unpermute_with_routing_map.yaml
moe,moe_token_unpermute_with_routing_map,3,,"{""gather_indices"": [16384], ""permuted_tokens"": [128, 128], ""restore_shape"": [128, 128], ""routing_map"": [128, 8], ""sorted_indices"": [128]}",ok,ok,True,True,0.09950040839612484,0.22403651382774115,44.41258556300758,[],,,/home/zhouruoyu/github/pto-kernels/bench/generated/moe/moe_token_unpermute_with_routing_map/report.json,bench/specs/moe/moe_token_unpermute_with_routing_map.yaml
moe,moe_token_unpermute_with_routing_map_grad,1,,"{""out_index"": [8], ""permute_token_id"": [8], ""permuted_tokens_grad"": [8, 16], ""restore_shape"": [8, 16], ""routing_map"": [8, 4], ""unpermuted_tokens_grad"": [8, 16]}",ok,ok,True,True,0.10884052608162165,0.26204611640423536,41.53487469118718,"[""t8_h16_e4: probsOptional=None returns no probs_grad; baseline parity is validated on permuted_tokens_grad only."", ""t256_h64_e8: probsOptional=None returns no probs_grad; baseline parity is validated on permuted_tokens_grad only."", ""t128_h128_e8: probsOptional=None returns no probs_grad; baseline parity is validated on permuted_tokens_grad only.""]",,,/home/zhouruoyu/github/pto-kernels/bench/generated/moe/moe_token_unpermute_with_routing_map_grad/report.json,bench/specs/moe/moe_token_unpermute_with_routing_map_grad.yaml
moe,moe_token_unpermute_with_routing_map_grad,2,,"{""out_index"": [256], ""permute_token_id"": [256], ""permuted_tokens_grad"": [256, 64], ""restore_shape"": [256, 64], ""routing_map"": [256, 8], ""unpermuted_tokens_grad"": [256, 64]}",ok,ok,True,True,0.10703608859330416,0.2598558785393834,41.1905588570635,"[""t8_h16_e4: probsOptional=None returns no probs_grad; baseline parity is validated on permuted_tokens_grad only."", ""t256_h64_e8: probsOptional=None returns no probs_grad; baseline parity is validated on permuted_tokens_grad only."", ""t128_h128_e8: probsOptional=None returns no probs_grad; baseline parity is validated on permuted_tokens_grad only.""]",,,/home/zhouruoyu/github/pto-kernels/bench/generated/moe/moe_token_unpermute_with_routing_map_grad/report.json,bench/specs/moe/moe_token_unpermute_with_routing_map_grad.yaml
moe,moe_token_unpermute_with_routing_map_grad,3,,"{""out_index"": [128], ""permute_token_id"": [128], ""permuted_tokens_grad"": [128, 128], ""restore_shape"": [128, 128], ""routing_map"": [128, 8], ""unpermuted_tokens_grad"": [128, 128]}",ok,ok,True,True,0.10766042396426201,0.2611865056678653,41.21974972978394,"[""t8_h16_e4: probsOptional=None returns no probs_grad; baseline parity is validated on permuted_tokens_grad only."", ""t256_h64_e8: probsOptional=None returns no probs_grad; baseline parity is validated on permuted_tokens_grad only."", ""t128_h128_e8: probsOptional=None returns no probs_grad; baseline parity is validated on permuted_tokens_grad only.""]",,,/home/zhouruoyu/github/pto-kernels/bench/generated/moe/moe_token_unpermute_with_routing_map_grad/report.json,bench/specs/moe/moe_token_unpermute_with_routing_map_grad.yaml
attention,attention_update,1,,"{""local_out0"": [8, 16], ""local_out1"": [8, 16], ""lse0"": [8], ""lse1"": [8], ""out"": [8, 16]}",ok,ok,True,True,0.08714059367775917,0.2422860125079751,35.966002649406285,[],,,/home/zhouruoyu/github/pto-kernels/bench/generated/attention/attention_update/report.json,bench/specs/attention/attention_update.yaml
attention,attention_update,2,,"{""local_out0"": [256, 64], ""local_out1"": [256, 64], ""lse0"": [256], ""lse1"": [256], ""out"": [256, 64]}",ok,ok,True,True,0.08668052032589912,0.2421961398795247,35.78938969424389,[],,,/home/zhouruoyu/github/pto-kernels/bench/generated/attention/attention_update/report.json,bench/specs/attention/attention_update.yaml
attention,attention_update,3,,"{""local_out0"": [128, 128], ""local_out1"": [128, 128], ""lse0"": [128], ""lse1"": [128], ""out"": [128, 128]}",ok,ok,True,True,0.08583592716604471,0.24457636754959822,35.09575680840785,[],,,/home/zhouruoyu/github/pto-kernels/bench/generated/attention/attention_update/report.json,bench/specs/attention/attention_update.yaml
attention,fused_infer_attention_score,1,,"{""attention_out"": [1, 1, 16, 16], ""block_table"": [1, 1], ""k_cache"": [1, 16, 16], ""query"": [1, 1, 16, 16], ""v_cache"": [1, 16, 16]}",ok,ok,True,True,0.18709106370806694,0.5477579543367028,34.15579129921013,[],,,/home/zhouruoyu/github/pto-kernels/bench/generated/attention/fused_infer_attention_score/report.json,bench/specs/attention/fused_infer_attention_score.yaml
attention,fused_infer_attention_score,2,,"{""attention_out"": [1, 1, 64, 64], ""block_table"": [1, 1], ""k_cache"": [1, 64, 64], ""query"": [1, 1, 64, 64], ""v_cache"": [1, 64, 64]}",ok,ok,True,False,0.18859095871448517,0.496807973831892,37.960533777241636,[],,,/home/zhouruoyu/github/pto-kernels/bench/generated/attention/fused_infer_attention_score/report.json,bench/specs/attention/fused_infer_attention_score.yaml
attention,fused_infer_attention_score,3,,"{""attention_out"": [1, 1, 32, 128], ""block_table"": [1, 1], ""k_cache"": [1, 128, 128], ""query"": [1, 1, 32, 128], ""v_cache"": [1, 128, 128]}",ok,ok,True,True,0.19816600251942873,0.520717934705317,38.05630444274484,[],,,/home/zhouruoyu/github/pto-kernels/bench/generated/attention/fused_infer_attention_score/report.json,bench/specs/attention/fused_infer_attention_score.yaml
attention,incre_flash_attention,1,,"{""attention_out"": [1, 16, 1, 16], ""key"": [1, 1, 16, 16], ""query"": [1, 16, 1, 16], ""value"": [1, 1, 16, 16]}",ok,ok,True,True,0.1343559706583619,0.546832918189466,24.569839559624025,[],,,/home/zhouruoyu/github/pto-kernels/bench/generated/attention/incre_flash_attention/report.json,bench/specs/attention/incre_flash_attention.yaml
attention,incre_flash_attention,2,,"{""attention_out"": [1, 16, 1, 64], ""key"": [1, 1, 128, 64], ""query"": [1, 16, 1, 64], ""value"": [1, 1, 128, 64]}",ok,ok,True,True,0.12919551227241755,0.5201030289754272,24.84036913357825,[],,,/home/zhouruoyu/github/pto-kernels/bench/generated/attention/incre_flash_attention/report.json,bench/specs/attention/incre_flash_attention.yaml
attention,incre_flash_attention,3,,"{""attention_out"": [1, 16, 1, 128], ""key"": [1, 1, 128, 128], ""query"": [1, 16, 1, 128], ""value"": [1, 1, 128, 128]}",ok,ok,True,True,0.12851099018007517,0.5354579770937562,24.0002008892611,[],,,/home/zhouruoyu/github/pto-kernels/bench/generated/attention/incre_flash_attention/report.json,bench/specs/attention/incre_flash_attention.yaml
attention,prompt_flash_attention,1,,"{""attention_out"": [1, 1, 16, 16], ""key"": [1, 1, 16, 16], ""query"": [1, 1, 16, 16], ""value"": [1, 1, 16, 16]}",ok,ok,True,True,0.35026692785322666,0.4769379738718271,73.44077155562326,[],,,/home/zhouruoyu/github/pto-kernels/bench/generated/attention/prompt_flash_attention/report.json,bench/specs/attention/prompt_flash_attention.yaml
attention,prompt_flash_attention,2,,"{""attention_out"": [1, 1, 64, 64], ""key"": [1, 1, 128, 64], ""query"": [1, 1, 64, 64], ""value"": [1, 1, 128, 64]}",ok,ok,True,True,0.3607620019465685,0.5083581199869514,70.96611380100087,[],,,/home/zhouruoyu/github/pto-kernels/bench/generated/attention/prompt_flash_attention/report.json,bench/specs/attention/prompt_flash_attention.yaml
attention,prompt_flash_attention,3,,"{""attention_out"": [1, 1, 32, 128], ""key"": [1, 1, 128, 128], ""query"": [1, 1, 32, 128], ""value"": [1, 1, 128, 128]}",ok,ok,True,True,0.4190379986539483,0.47948292922228575,87.39372626542134,[],,,/home/zhouruoyu/github/pto-kernels/bench/generated/attention/prompt_flash_attention/report.json,bench/specs/attention/prompt_flash_attention.yaml
attention,recurrent_gated_delta_rule,1,,"{""attention_out"": [2, 16, 16], ""beta"": [2, 16], ""final_state"": [2, 16, 16, 16], ""g"": [2, 16], ""key"": [2, 16, 16], ""query"": [2, 16, 16], ""state"": [2, 16, 16, 16], ""value"": [2, 16, 16]}",ok,blocked,True,False,0.16243592835962772,,,"[""baseline timing uses the functional entrypoint to observe both output and final_state"", ""baseline correctness is validated on output only; final_state semantics remain a host-contract gap for this first bounded slice""]",,"PTO compile or execution failed: npuSynchronizeDevice:build/CMakeFiles/torch_npu.dir/compiler_depend.ts:575 NPU function error: AclrtSynchronizeDeviceWithTimeout, error code is 507014
[ERROR] 2026-03-16-11:31:13 (PID:667120, Device:0, RankID:-1) ERR00100 PTA call acl api failed
[Error]: The aicore execution times out. 
        Rectify the fault based on the error information in the ascend log.
EZ9999: Inner Error!
EZ9999[PID: 667120] 2026-03-16-11:31:13.313.461 (EZ9999):  The error from device(chipId:0, dieId:0), serial number is 1996, there is an exception of fftsplus aivector error, core id is 10, error code = 0x10, dump info: pc start: 0x124000a830b0, current: 0x124000a8353c, vec error info: 0x7000000fc, mte error info: 0x60600005c, ifu error info: 0x217ffbe018080, ccu error info: 0x40c0058006800046, cube error info: 0, biu error info: 0, aic error mask: 0x6500020bd00028c, para base: 0x12c100001080.[FUNC:PrintCoreInfo][FILE:device_error_core_proc.cc][LINE:645]
        TraceBack (most recent call last):
       The extend info: errcode:(0x10, 0, 0) errorStr: Illegal instruction, which is usually caused by unaligned UUB addresses. fixp_error0 info: 0x600005c, fixp_error1 info: 0x6, fsmId:0, tslot:4, thread:0, ctxid:0, blk:0, sublk:0, subErrType:4.[FUNC:PrintCoreInfo][FILE:device_error_core_proc.cc][LINE:658]
       Kernel task happen error, retCode=0x25, [aicore timeout].[FUNC:PreCheckTaskErr][FILE:davinci_kernel_task.cc][LINE:1728]
       rtDeviceSynchronizeWithTimeout execution failed, reason=aicore timeout[FUNC:FuncErrorReason][FILE:error_message_manage.cc][LINE:65]
       wait for compute device to finish failed, runtime result = 507014.[FUNC:ReportCallError][FILE:log_inner.cpp][LINE:148]
",/home/zhouruoyu/github/pto-kernels/bench/generated/attention/recurrent_gated_delta_rule/report.json,bench/specs/attention/recurrent_gated_delta_rule.yaml
attention,recurrent_gated_delta_rule,2,,"{""attention_out"": [4, 16, 64], ""beta"": [4, 16], ""final_state"": [4, 16, 64, 64], ""g"": [4, 16], ""key"": [4, 16, 64], ""query"": [4, 16, 64], ""state"": [4, 16, 64, 64], ""value"": [4, 16, 64]}",ok,blocked,True,False,0.13374059926718473,,,"[""baseline timing uses the functional entrypoint to observe both output and final_state"", ""baseline correctness is validated on output only; final_state semantics remain a host-contract gap for this first bounded slice""]",,"PTO compile or execution failed: npuSynchronizeDevice:build/CMakeFiles/torch_npu.dir/compiler_depend.ts:575 NPU function error: AclrtSynchronizeDeviceWithTimeout, error code is 507014
[ERROR] 2026-03-16-11:31:13 (PID:667120, Device:0, RankID:-1) ERR00100 PTA call acl api failed
[Error]: The aicore execution times out. 
        Rectify the fault based on the error information in the ascend log.
EZ9999: Inner Error!
EZ9999[PID: 667120] 2026-03-16-11:31:13.313.461 (EZ9999):  The error from device(chipId:0, dieId:0), serial number is 1996, there is an exception of fftsplus aivector error, core id is 10, error code = 0x10, dump info: pc start: 0x124000a830b0, current: 0x124000a8353c, vec error info: 0x7000000fc, mte error info: 0x60600005c, ifu error info: 0x217ffbe018080, ccu error info: 0x40c0058006800046, cube error info: 0, biu error info: 0, aic error mask: 0x6500020bd00028c, para base: 0x12c100001080.[FUNC:PrintCoreInfo][FILE:device_error_core_proc.cc][LINE:645]
        TraceBack (most recent call last):
       The extend info: errcode:(0x10, 0, 0) errorStr: Illegal instruction, which is usually caused by unaligned UUB addresses. fixp_error0 info: 0x600005c, fixp_error1 info: 0x6, fsmId:0, tslot:4, thread:0, ctxid:0, blk:0, sublk:0, subErrType:4.[FUNC:PrintCoreInfo][FILE:device_error_core_proc.cc][LINE:658]
       Kernel task happen error, retCode=0x25, [aicore timeout].[FUNC:PreCheckTaskErr][FILE:davinci_kernel_task.cc][LINE:1728]
       rtDeviceSynchronizeWithTimeout execution failed, reason=aicore timeout[FUNC:FuncErrorReason][FILE:error_message_manage.cc][LINE:65]
       wait for compute device to finish failed, runtime result = 507014.[FUNC:ReportCallError][FILE:log_inner.cpp][LINE:148]
",/home/zhouruoyu/github/pto-kernels/bench/generated/attention/recurrent_gated_delta_rule/report.json,bench/specs/attention/recurrent_gated_delta_rule.yaml
attention,recurrent_gated_delta_rule,3,,"{""attention_out"": [8, 16, 128], ""beta"": [8, 16], ""final_state"": [8, 16, 128, 128], ""g"": [8, 16], ""key"": [8, 16, 128], ""query"": [8, 16, 128], ""state"": [8, 16, 128, 128], ""value"": [8, 16, 128]}",ok,blocked,True,False,0.13467599637806416,,,"[""baseline timing uses the functional entrypoint to observe both output and final_state"", ""baseline correctness is validated on output only; final_state semantics remain a host-contract gap for this first bounded slice""]",,"PTO compile or execution failed: npuSynchronizeDevice:build/CMakeFiles/torch_npu.dir/compiler_depend.ts:575 NPU function error: AclrtSynchronizeDeviceWithTimeout, error code is 507014
[ERROR] 2026-03-16-11:31:13 (PID:667120, Device:0, RankID:-1) ERR00100 PTA call acl api failed
[Error]: The aicore execution times out. 
        Rectify the fault based on the error information in the ascend log.
EZ9999: Inner Error!
EZ9999[PID: 667120] 2026-03-16-11:31:13.313.461 (EZ9999):  The error from device(chipId:0, dieId:0), serial number is 1996, there is an exception of fftsplus aivector error, core id is 10, error code = 0x10, dump info: pc start: 0x124000a830b0, current: 0x124000a8353c, vec error info: 0x7000000fc, mte error info: 0x60600005c, ifu error info: 0x217ffbe018080, ccu error info: 0x40c0058006800046, cube error info: 0, biu error info: 0, aic error mask: 0x6500020bd00028c, para base: 0x12c100001080.[FUNC:PrintCoreInfo][FILE:device_error_core_proc.cc][LINE:645]
        TraceBack (most recent call last):
       The extend info: errcode:(0x10, 0, 0) errorStr: Illegal instruction, which is usually caused by unaligned UUB addresses. fixp_error0 info: 0x600005c, fixp_error1 info: 0x6, fsmId:0, tslot:4, thread:0, ctxid:0, blk:0, sublk:0, subErrType:4.[FUNC:PrintCoreInfo][FILE:device_error_core_proc.cc][LINE:658]
       Kernel task happen error, retCode=0x25, [aicore timeout].[FUNC:PreCheckTaskErr][FILE:davinci_kernel_task.cc][LINE:1728]
       rtDeviceSynchronizeWithTimeout execution failed, reason=aicore timeout[FUNC:FuncErrorReason][FILE:error_message_manage.cc][LINE:65]
       wait for compute device to finish failed, runtime result = 507014.[FUNC:ReportCallError][FILE:log_inner.cpp][LINE:148]
",/home/zhouruoyu/github/pto-kernels/bench/generated/attention/recurrent_gated_delta_rule/report.json,bench/specs/attention/recurrent_gated_delta_rule.yaml
attention,ring_attention_update,1,,null,blocked,blocked,False,False,,,,[],Baseline runtime entrypoint is unavailable on this host.,"PTO compile failed: ACL stream synchronize failed, error code:507014",/home/zhouruoyu/github/pto-kernels/bench/generated/attention/ring_attention_update/report.json,bench/specs/attention/ring_attention_update.yaml
attention,flash_attention_score,1,,"{""key"": [1, 1, 32, 64], ""output"": [1, 1, 32, 64], ""query"": [1, 1, 32, 64], ""scores"": [32, 32], ""value"": [1, 1, 32, 64]}",ok,ok,True,True,0.1413659192621708,0.4113775212317705,34.36403594413344,[],,,/home/zhouruoyu/github/pto-kernels/bench/generated/attention/flash_attention_score/report.json,bench/specs/attention/flash_attention_score.yaml
attention,flash_attention_score,2,,"{""key"": [1, 1, 64, 64], ""output"": [1, 1, 64, 64], ""query"": [1, 1, 64, 64], ""scores"": [64, 64], ""value"": [1, 1, 64, 64]}",ok,ok,True,True,0.15212595462799072,0.4135575145483017,36.7847153724547,[],,,/home/zhouruoyu/github/pto-kernels/bench/generated/attention/flash_attention_score/report.json,bench/specs/attention/flash_attention_score.yaml
attention,flash_attention_score,3,,"{""key"": [1, 1, 32, 128], ""output"": [1, 1, 32, 128], ""query"": [1, 1, 32, 128], ""scores"": [32, 32], ""value"": [1, 1, 32, 128]}",ok,ok,True,True,0.15269091818481684,0.40833698585629463,37.393359767452736,[],,,/home/zhouruoyu/github/pto-kernels/bench/generated/attention/flash_attention_score/report.json,bench/specs/attention/flash_attention_score.yaml
mc2,matmul_reduce_scatter,1,,"{""local_mm"": [128, 128], ""reduce_scatter_output_per_rank"": [64, 128], ""world_size"": 2, ""x1"": [128, 256], ""x2"": [256, 128]}",ok,ok,True,True,0.6007589399814606,0.7267439505085349,82.66445693302063,[],,,/home/zhouruoyu/github/pto-kernels/bench/generated/mc2/matmul_reduce_scatter/report.json,bench/specs/mc2/matmul_reduce_scatter.yaml
mc2,matmul_reduce_scatter,2,,"{""local_mm"": [64, 128], ""reduce_scatter_output_per_rank"": [32, 128], ""world_size"": 2, ""x1"": [64, 256], ""x2"": [256, 128]}",ok,ok,True,True,0.5567035404965281,0.7271140348166227,76.56344312442381,[],,,/home/zhouruoyu/github/pto-kernels/bench/generated/mc2/matmul_reduce_scatter/report.json,bench/specs/mc2/matmul_reduce_scatter.yaml
mc2,all_gather_matmul,1,,"{""gather_out"": [128, 256], ""output"": [128, 128], ""world_size"": 2, ""x1_local"": [64, 256], ""x2"": [256, 128]}",ok,ok,True,True,0.5995185347273946,1.0100159561261535,59.35733302935199,[],,,/home/zhouruoyu/github/pto-kernels/bench/generated/mc2/all_gather_matmul/report.json,bench/specs/mc2/all_gather_matmul.yaml
mc2,all_gather_matmul,2,,"{""gather_out"": [256, 256], ""output"": [256, 128], ""world_size"": 2, ""x1_local"": [128, 256], ""x2"": [256, 128]}",ok,ok,True,True,0.5835985066369176,0.9999909671023488,58.360377827011554,[],,,/home/zhouruoyu/github/pto-kernels/bench/generated/mc2/all_gather_matmul/report.json,bench/specs/mc2/all_gather_matmul.yaml
mc2,grouped_mat_mul_all_reduce,1,,"{""group_list"": [128], ""groups"": 1, ""output"": [128, 128], ""weight_local"": [128, 128], ""world_size"": 2, ""x_local"": [128, 128]}",ok,ok,True,True,0.7192851044237614,0.8048600284382701,89.36772594104889,[],,,/home/zhouruoyu/github/pto-kernels/bench/generated/mc2/grouped_mat_mul_all_reduce/report.json,bench/specs/mc2/grouped_mat_mul_all_reduce.yaml
mc2,grouped_mat_mul_all_reduce,2,,"{""group_list"": [256], ""groups"": 1, ""output"": [256, 128], ""weight_local"": [128, 128], ""world_size"": 2, ""x_local"": [256, 128]}",ok,ok,True,True,0.6988040404394269,0.7390895625576377,94.54930442004866,[],,,/home/zhouruoyu/github/pto-kernels/bench/generated/mc2/grouped_mat_mul_all_reduce/report.json,bench/specs/mc2/grouped_mat_mul_all_reduce.yaml
mc2,matmul_all_reduce,1,,"{""output"": [128, 128], ""world_size"": 2, ""x1_local"": [128, 256], ""x2"": [256, 128]}",ok,ok,True,True,0.5263431230559945,0.8159298449754715,64.50837977029967,[],,,/home/zhouruoyu/github/pto-kernels/bench/generated/mc2/matmul_all_reduce/report.json,bench/specs/mc2/matmul_all_reduce.yaml
mc2,matmul_all_reduce,2,,"{""output"": [256, 128], ""world_size"": 2, ""x1_local"": [256, 256], ""x2"": [256, 128]}",ok,ok,True,True,0.5738829495385289,0.7579445373266935,75.71569175267643,[],,,/home/zhouruoyu/github/pto-kernels/bench/generated/mc2/matmul_all_reduce/report.json,bench/specs/mc2/matmul_all_reduce.yaml
mc2,matmul_all_reduce_add_rms_norm,1,,"{""gamma"": [128], ""norm_out"": [128, 128], ""residual"": [128, 128], ""world_size"": 2, ""x1_local"": [128, 256], ""x2"": [256, 128], ""y"": [128, 128]}",ok,ok,True,True,0.5882688565179706,0.9251405717805028,63.58696985754314,[],,,/home/zhouruoyu/github/pto-kernels/bench/generated/mc2/matmul_all_reduce_add_rms_norm/report.json,bench/specs/mc2/matmul_all_reduce_add_rms_norm.yaml
mc2,matmul_all_reduce_add_rms_norm,2,,"{""gamma"": [128], ""norm_out"": [256, 128], ""residual"": [256, 128], ""world_size"": 2, ""x1_local"": [256, 256], ""x2"": [256, 128], ""y"": [256, 128]}",ok,ok,True,True,0.5970490165054798,0.9336149087175727,63.95024446702497,[],,,/home/zhouruoyu/github/pto-kernels/bench/generated/mc2/matmul_all_reduce_add_rms_norm/report.json,bench/specs/mc2/matmul_all_reduce_add_rms_norm.yaml
mc2,inplace_matmul_all_reduce_add_rms_norm,1,,"{""gamma"": [128], ""norm_out"": [128, 128], ""residual_inout"": [128, 128], ""world_size"": 2, ""x1_local"": [128, 256], ""x2"": [256, 128]}",ok,ok,True,True,0.5340136121958494,1.0061460779979825,53.075157163900435,[],,,/home/zhouruoyu/github/pto-kernels/bench/generated/mc2/inplace_matmul_all_reduce_add_rms_norm/report.json,bench/specs/mc2/inplace_matmul_all_reduce_add_rms_norm.yaml
mc2,inplace_matmul_all_reduce_add_rms_norm,2,,"{""gamma"": [128], ""norm_out"": [256, 128], ""residual_inout"": [256, 128], ""world_size"": 2, ""x1_local"": [256, 256], ""x2"": [256, 128]}",ok,ok,True,True,0.5977341206744313,1.0042509529739618,59.52039367294773,[],,,/home/zhouruoyu/github/pto-kernels/bench/generated/mc2/inplace_matmul_all_reduce_add_rms_norm/report.json,bench/specs/mc2/inplace_matmul_all_reduce_add_rms_norm.yaml
mc2,moe_distribute_dispatch,1,,null,blocked,ok,False,True,,27.90528698824346,,[],Distributed ranked job timed out after 300s before all ranks produced reports.,,/home/zhouruoyu/github/pto-kernels/bench/generated/mc2/moe_distribute_dispatch/report.json,bench/specs/mc2/moe_distribute_dispatch.yaml
mc2,moe_distribute_combine,1,,null,blocked,ok,False,True,,,,[],Distributed ranked job timed out after 300s before all ranks produced reports.,,/home/zhouruoyu/github/pto-kernels/bench/generated/mc2/moe_distribute_combine/report.json,bench/specs/mc2/moe_distribute_combine.yaml
